id,name,img_demo,product_id,img_slide
5,Bạc,white-200x200-1-180x125.png,190323,"iphone-xs-mau-bac-1,iphone-xs-mau-bac-2,iphone-xs-mau-bac-3,iphone-xs-mau-bac-4,iphone-xs-mau-bac-5,iphone-xs-mau-bac-6,iphone-xs-mau-bac-7,iphone-xs-mau-bac-8,iphone-xs-mau-bac-9,iphone-xs-mau-bac-10,iphone-xs-mau-bac-11"
6,Xám,gray-200x200-1-180x125.png,190323,"iphone-xs-xam-1-2,iphone-xs-xam-2-2,iphone-xs-xam-3-1,iphone-xs-xam-4-1,iphone-xs-xam-5-1,iphone-xs-xam-6-1,iphone-xs-xam-7-1,iphone-xs-xam-8-1,iphone-xs-xam-9-1,iphone-xs-xam-10-1"
15,Vàng,gold-200x200-1-180x125.png,190323,"iphone-xs-vang-1-1,iphone-xs-vang-2-1,iphone-xs-vang-3,iphone-xs-vang-4,iphone-xs-vang-5,iphone-xs-vang-6,iphone-xs-vang-7,iphone-xs-vang-8,iphone-xs-vang-9,iphone-xs-vang-10,iphone-xs-vang-11"
5,Bạc,iphone-11-pro-max-white-200-180x125.png,200533,"iphone-11-pro-max-mau-bac-1,iphone-11-pro-max-mau-bac-2,iphone-11-pro-max-mau-bac-3,iphone-11-pro-max-mau-bac-4,iphone-11-pro-max-mau-bac-5,iphone-11-pro-max-mau-bac-6,iphone-11-pro-max-mau-bac-7,iphone-11-pro-max-mau-bac-8,iphone-11-pro-max-mau-bac-9,iphone-11-pro-max-mau-bac-10,iphone-11-pro-max-mau-bac-11,iphone-11-pro-max-mau-bac-12"
6,Xám,iphone-11-pro-max-black-200-180x125.png,200533,"iphone-11-pro-max-xam-1-1,iphone-11-pro-max-xam-2-1,iphone-11-pro-max-xam-3-1,iphone-11-pro-max-xam-4-1,iphone-11-pro-max-xam-5,iphone-11-pro-max-xam-6,iphone-11-pro-max-xam-7,iphone-11-pro-max-xam-8,iphone-11-pro-max-xam-9,iphone-11-pro-max-xam-10,iphone-11-pro-max-xam-11,iphone-11-pro-max-xam-12"
7,Xanh lá,iphone-11-pro-max-green-200-180x125.png,200533,"iphone-11-pro-max-xanh-1-1,iphone-11-pro-max-xanh-2-1,iphone-11-pro-max-xanh-3-1,iphone-11-pro-max-xanh-4-1,iphone-11-pro-max-xanh-5,iphone-11-pro-max-xanh-6,iphone-11-pro-max-xanh-7,iphone-11-pro-max-xanh-8,iphone-11-pro-max-xanh-9,iphone-11-pro-max-xanh-10,iphone-11-pro-max-xanh-11,iphone-11-pro-max-xanh-12"
16,Vàng đồng,iphone-11-pro-max-gold-200-180x125.png,200533,"iphone-11-pro-max-vang-1-1,iphone-11-pro-max-vang-2-1,iphone-11-pro-max-vang-3-1,iphone-11-pro-max-vang-4-1,iphone-11-pro-max-vang-5,iphone-11-pro-max-vang-6,iphone-11-pro-max-vang-7,iphone-11-pro-max-vang-8,iphone-11-pro-max-vang-9,iphone-11-pro-max-vang-10,iphone-11-pro-max-vang-11,iphone-11-pro-max-vang-12"
5,Bạc,samsung-galaxy-note-10-plus-silver-200-180x125.png,206176,"samsung-galaxy-note-10-plus-bac-1,samsung-galaxy-note-10-plus-bac-2,samsung-galaxy-note-10-plus-bac-3,samsung-galaxy-note-10-plus-bac-4,samsung-galaxy-note-10-plus-bac-5,samsung-galaxy-note-10-plus-bac-6,samsung-galaxy-note-10-plus-bac-7,samsung-galaxy-note-10-plus-bac-8,samsung-galaxy-note-10-plus-bac-9,samsung-galaxy-note-10-plus-bac-10,samsung-galaxy-note-10-plus-bac-11,samsung-galaxy-note-10-plus-bac-12,samsung-galaxy-note-10-plus-bac-13"
11,Đen,samsung-galaxy-note-10-plus-black-200-180x125.png,206176,"samsung-galaxy-note-10-plus-den-1,samsung-galaxy-note-10-plus-den-2,samsung-galaxy-note-10-plus-den-3,samsung-galaxy-note-10-plus-den-4,samsung-galaxy-note-10-plus-den-5,samsung-galaxy-note-10-plus-den-6,samsung-galaxy-note-10-plus-den-7,samsung-galaxy-note-10-plus-den-8,samsung-galaxy-note-10-plus-den-9,samsung-galaxy-note-10-plus-den-10,samsung-galaxy-note-10-plus-den-11,samsung-galaxy-note-10-plus-den-12,samsung-galaxy-note-10-plus-den-13,samsung-galaxy-note-10-plus-den-14"
4,Xanh dương,xiaomi-redmi-note-8-blue-200-1-180x125.png,209535,"xiaomi-redmi-note-8-128gb-xanh-1,xiaomi-redmi-note-8-128gb-xanh-2,xiaomi-redmi-note-8-128gb-xanh-3,xiaomi-redmi-note-8-128gb-xanh-4,xiaomi-redmi-note-8-128gb-xanh-5,xiaomi-redmi-note-8-128gb-xanh-6,xiaomi-redmi-note-8-128gb-xanh-7,xiaomi-redmi-note-8-128gb-xanh-8,xiaomi-redmi-note-8-128gb-xanh-09,xiaomi-redmi-note-8-128gb-xanh-10,xiaomi-redmi-note-8-128gb-xanh-11,xiaomi-redmi-note-8-128gb-xanh-12"
11,Đen,xiaomi-redmi-note-8-black-200-180x125.png,209535,"xiaomi-redmi-note-8-den-1,xiaomi-redmi-note-8-den-2,xiaomi-redmi-note-8-den-3-1,xiaomi-redmi-note-8-den-4,xiaomi-redmi-note-8-den-5,xiaomi-redmi-note-8-den-6,xiaomi-redmi-note-8-den-7,xiaomi-redmi-note-8-den-8,xiaomi-redmi-note-8-den-9,xiaomi-redmi-note-8-den-10,xiaomi-redmi-note-8-den-11,xiaomi-redmi-note-8-den-12"
12,Trắng,xiaomi-redmi-note-8-white-200-180x125.png,209535,"xiaomi-redmi-note-8-trang-1,xiaomi-redmi-note-8-trang-2,xiaomi-redmi-note-8-trang-3,xiaomi-redmi-note-8-trang-4,xiaomi-redmi-note-8-trang-5,xiaomi-redmi-note-8-trang-6,xiaomi-redmi-note-8-trang-7,xiaomi-redmi-note-8-trang-8,xiaomi-redmi-note-8-trang-9,xiaomi-redmi-note-8-trang-10,xiaomi-redmi-note-8-trang-11,xiaomi-redmi-note-8-trang-12"
4,Xanh dương,xiaomi-redmi-note-8-pro-6gb-64gb-xanh-duong-200-180x125.png,209797,"xiaomi-redmi-note-8-pro-xanh-duong-1,xiaomi-redmi-note-8-pro-xanh-duong-2,xiaomi-redmi-note-8-pro-xanh-duong-3,xiaomi-redmi-note-8-pro-xanh-duong-4,xiaomi-redmi-note-8-pro-xanh-duong-5,xiaomi-redmi-note-8-pro-xanh-duong-6,xiaomi-redmi-note-8-pro-xanh-duong-7,xiaomi-redmi-note-8-pro-xanh-duong-8,xiaomi-redmi-note-8-pro-xanh-duong-9,xiaomi-redmi-note-8-pro-xanh-duong-10,xiaomi-redmi-note-8-pro-xanh-duong-11,xiaomi-redmi-note-8-pro-xanh-duong-12"
7,Xanh lá,xiaomi-redmi-note-8-pro-green-200-180x125.png,209797,"xiaomi-redmi-note-8-pro-xanh-la-1-2,xiaomi-redmi-note-8-pro-xanh-la-2-2,xiaomi-redmi-note-8-pro-xanh-la-3-2,xiaomi-redmi-note-8-pro-xanh-la-4-2,xiaomi-redmi-note-8-pro-xanh-la-5-2,xiaomi-redmi-note-8-pro-xanh-la-6-2,xiaomi-redmi-note-8-pro-xanh-la-7-2,xiaomi-redmi-note-8-pro-xanh-la-8-2,xiaomi-redmi-note-8-pro-xanh-la-9-2,xiaomi-redmi-note-8-pro-xanh-la-10-2,xiaomi-redmi-note-8-pro-xanh-la-11-2,xiaomi-redmi-note-8-pro-xanh-la-12-2"
12,Trắng,xiaomi-redmi-note-8-pro-white-200-180x125.png,209797,"xiaomi-redmi-note-8-pro-trang-1,xiaomi-redmi-note-8-pro-trang-2,xiaomi-redmi-note-8-pro-trang-3,xiaomi-redmi-note-8-pro-trang-4,xiaomi-redmi-note-8-pro-trang-5,xiaomi-redmi-note-8-pro-trang-6,xiaomi-redmi-note-8-pro-trang-7,xiaomi-redmi-note-8-pro-trang-8,xiaomi-redmi-note-8-pro-trang-9"
5,Bạc,iphone-11-pro-max-256gb-white-200-180x125.png,210653,"iphone-11-pro-max-256gb-mau-bac-1,iphone-11-pro-max-256gb-mau-bac-2,iphone-11-pro-max-256gb-mau-bac-3,iphone-11-pro-max-256gb-mau-bac-4,iphone-11-pro-max-256gb-mau-bac-5,iphone-11-pro-max-256gb-mau-bac-6,iphone-11-pro-max-256gb-mau-bac-7,iphone-11-pro-max-256gb-mau-bac-8,iphone-11-pro-max-256gb-mau-bac-9,iphone-11-pro-max-256gb-mau-bac-10,iphone-11-pro-max-256gb-mau-bac-11,iphone-11-pro-max-256gb-mau-bac-12"
6,Xám,iphone-11-pro-max-256gb-black-200-180x125.png,210653,"iphone-11-pro-max-256gb-xam-1-1,iphone-11-pro-max-256gb-xam-2-1,iphone-11-pro-max-256gb-xam-3-1,iphone-11-pro-max-256gb-xam-4-1,iphone-11-pro-max-256gb-xam-5,iphone-11-pro-max-256gb-xam-6,iphone-11-pro-max-256gb-xam-7,iphone-11-pro-max-256gb-xam-8,iphone-11-pro-max-256gb-xam-9,iphone-11-pro-max-256gb-xam-10,iphone-11-pro-max-256gb-xam-11,iphone-11-pro-max-256gb-xam-12"
7,Xanh lá,iphone-11-pro-max-256gb-green-200-180x125.png,210653,"iphone-11-pro-max-256gb-xanh-1-1,iphone-11-pro-max-256gb-xanh-2-1,iphone-11-pro-max-256gb-xanh-3-1,iphone-11-pro-max-256gb-xanh-4-1,iphone-11-pro-max-256gb-xanh-5,iphone-11-pro-max-256gb-xanh-6,iphone-11-pro-max-256gb-xanh-7,iphone-11-pro-max-256gb-xanh-8,iphone-11-pro-max-256gb-xanh-9,iphone-11-pro-max-256gb-xanh-10,iphone-11-pro-max-256gb-xanh-11,iphone-11-pro-max-256gb-xanh-12"
16,Vàng đồng,iphone-11-pro-max-256gb-gold-200-180x125.png,210653,"iphone-11-pro-max-256gb-vang-1-1,iphone-11-pro-max-256gb-vang-2-1,iphone-11-pro-max-256gb-vang-3-1,iphone-11-pro-max-256gb-vang-4-1,iphone-11-pro-max-256gb-vang-5,iphone-11-pro-max-256gb-vang-6,iphone-11-pro-max-256gb-vang-7,iphone-11-pro-max-256gb-vang-8,iphone-11-pro-max-256gb-vang-9,iphone-11-pro-max-256gb-vang-10,iphone-11-pro-max-256gb-vang-11,iphone-11-pro-max-256gb-vang-12"
5,Bạc,iphone-11-pro-max-512gb-white-200-180x125.png,210654,"iphone-11-pro-max-512gb-mau-bac-1,iphone-11-pro-max-512gb-mau-bac-2,iphone-11-pro-max-512gb-mau-bac-3,iphone-11-pro-max-512gb-mau-bac-4,iphone-11-pro-max-512gb-mau-bac-5,iphone-11-pro-max-512gb-mau-bac-6,iphone-11-pro-max-512gb-mau-bac-7,iphone-11-pro-max-512gb-mau-bac-8,iphone-11-pro-max-512gb-mau-bac-9,iphone-11-pro-max-512gb-mau-bac-10,iphone-11-pro-max-512gb-mau-bac-11,iphone-11-pro-max-512gb-mau-bac-12"
6,Xám,iphone-11-pro-max-512gb-black-200-180x125.png,210654,"iphone-11-pro-max-512gb-xam-1-1,iphone-11-pro-max-512gb-xam-2-1,iphone-11-pro-max-512gb-xam-3-1,iphone-11-pro-max-512gb-xam-4-1,iphone-11-pro-max-512gb-xam-5,iphone-11-pro-max-512gb-xam-6,iphone-11-pro-max-512gb-xam-7,iphone-11-pro-max-512gb-xam-8,iphone-11-pro-max-512gb-xam-9,iphone-11-pro-max-512gb-xam-10,iphone-11-pro-max-512gb-xam-11,iphone-11-pro-max-512gb-xam-12"
7,Xanh lá,iphone-11-pro-max-512gb-green-200-180x125.png,210654,"iphone-11-pro-max-512gb-xanh-1-1,iphone-11-pro-max-512gb-xanh-2-1,iphone-11-pro-max-512gb-xanh-3-1,iphone-11-pro-max-512gb-xanh-4-1,iphone-11-pro-max-512gb-xanh-5,iphone-11-pro-max-512gb-xanh-6,iphone-11-pro-max-512gb-xanh-7,iphone-11-pro-max-512gb-xanh-8,iphone-11-pro-max-512gb-xanh-9,iphone-11-pro-max-512gb-xanh-10,iphone-11-pro-max-512gb-xanh-11,iphone-11-pro-max-512gb-xanh-12"
16,Vàng đồng,iphone-11-pro-max-512gb-gold-200-180x125.png,210654,"iphone-11-pro-max-512gb-vang-1-1,iphone-11-pro-max-512gb-vang-2-1,iphone-11-pro-max-512gb-vang-3-1,iphone-11-pro-max-512gb-vang-4-1,iphone-11-pro-max-512gb-vang-5,iphone-11-pro-max-512gb-vang-6,iphone-11-pro-max-512gb-vang-7,iphone-11-pro-max-512gb-vang-8,iphone-11-pro-max-512gb-vang-9,iphone-11-pro-max-512gb-vang-10,iphone-11-pro-max-512gb-vang-11,iphone-11-pro-max-512gb-vang-12"
4,Xanh dương,xiaomi-redmi-note-8-32gb-blue-200-180x125.png,212247,"xiaomi-redmi-note-8-32gb-xanh-duong-1,xiaomi-redmi-note-8-32gb-xanh-duong-2,xiaomi-redmi-note-8-32gb-xanh-duong-3,xiaomi-redmi-note-8-32gb-xanh-duong-4,xiaomi-redmi-note-8-32gb-xanh-duong-5,xiaomi-redmi-note-8-32gb-xanh-duong-6,xiaomi-redmi-note-8-32gb-xanh-duong-7,xiaomi-redmi-note-8-32gb-xanh-duong-8,xiaomi-redmi-note-8-32gb-xanh-duong-9,xiaomi-redmi-note-8-32gb-xanh-duong-10,xiaomi-redmi-note-8-32gb-xanh-duong-11,xiaomi-redmi-note-8-32gb-xanh-duong-12"
11,Đen,xiaomi-redmi-note-8-32gb-black-200-180x125.png,212247,"xiaomi-redmi-note-8-32gb-den-1,xiaomi-redmi-note-8-32gb-den-2,xiaomi-redmi-note-8-32gb-den-3,xiaomi-redmi-note-8-32gb-den-4,xiaomi-redmi-note-8-32gb-den-5,xiaomi-redmi-note-8-32gb-den-6,xiaomi-redmi-note-8-32gb-den-7,xiaomi-redmi-note-8-32gb-den-8,xiaomi-redmi-note-8-32gb-den-9,xiaomi-redmi-note-8-32gb-den-10,xiaomi-redmi-note-8-32gb-den-11,xiaomi-redmi-note-8-32gb-den-12"
12,Trắng,xiaomi-redmi-note-8-32gb-white-200-180x125.png,212247,"xiaomi-redmi-note-8-32gb-trang-1,xiaomi-redmi-note-8-32gb-trang-2,xiaomi-redmi-note-8-32gb-trang-3,xiaomi-redmi-note-8-32gb-trang-4,xiaomi-redmi-note-8-32gb-trang-5,xiaomi-redmi-note-8-32gb-trang-6,xiaomi-redmi-note-8-32gb-trang-7,xiaomi-redmi-note-8-32gb-trang-8,xiaomi-redmi-note-8-32gb-trang-9,xiaomi-redmi-note-8-32gb-trang-10,xiaomi-redmi-note-8-32gb-trang-11,xiaomi-redmi-note-8-32gb-trang-12"
4,Xanh dương,xiaomi-redmi-note-8-128gb-blue-200-180x125.png,212374,"xiaomi-redmi-note-8-128gb-xanh-1,xiaomi-redmi-note-8-128gb-xanh-2,xiaomi-redmi-note-8-128gb-xanh-3,xiaomi-redmi-note-8-128gb-xanh-4,xiaomi-redmi-note-8-128gb-xanh-5,xiaomi-redmi-note-8-128gb-xanh-6,xiaomi-redmi-note-8-128gb-xanh-7,xiaomi-redmi-note-8-128gb-xanh-8,xiaomi-redmi-note-8-128gb-xanh-9,xiaomi-redmi-note-8-128gb-xanh-10,xiaomi-redmi-note-8-128gb-xanh-11,xiaomi-redmi-note-8-128gb-xanh-12"
11,Đen,xiaomi-redmi-note-8-128gb-black-200-180x125.png,212374,"xiaomi-redmi-note-8-128gb-den-1,xiaomi-redmi-note-8-128gb-den-2,xiaomi-redmi-note-8-128gb-den-3,xiaomi-redmi-note-8-128gb-den-4,xiaomi-redmi-note-8-128gb-den-5,xiaomi-redmi-note-8-128gb-den-6,xiaomi-redmi-note-8-128gb-den-7,xiaomi-redmi-note-8-128gb-den-8,xiaomi-redmi-note-8-128gb-den-9,xiaomi-redmi-note-8-128gb-den-10,xiaomi-redmi-note-8-128gb-den-11,xiaomi-redmi-note-8-128gb-den-12"
12,Trắng,xiaomi-redmi-note-8-128gb-white-200-180x125.png,212374,"xiaomi-redmi-note-8-128gb-trang-1,xiaomi-redmi-note-8-128gb-trang-2,xiaomi-redmi-note-8-128gb-trang-3,xiaomi-redmi-note-8-128gb-trang-4,xiaomi-redmi-note-8-128gb-trang-5,xiaomi-redmi-note-8-128gb-trang-6,xiaomi-redmi-note-8-128gb-trang-7,xiaomi-redmi-note-8-128gb-trang-8,xiaomi-redmi-note-8-128gb-trang-9,xiaomi-redmi-note-8-128gb-trang-10,xiaomi-redmi-note-8-128gb-trang-11,xiaomi-redmi-note-8-128gb-trang-12"
4,Xanh dương,oppo-reno3-xanh-200x200-2-180x125.png,213591,"oppo-reno3-xanh-duong-1,oppo-reno3-xanh-duong-2,oppo-reno3-xanh-duong-3-1,oppo-reno3-xanh-duong-4,oppo-reno3-xanh-duong-5,oppo-reno3-xanh-duong-6,oppo-reno3-xanh-duong-7,oppo-reno3-xanh-duong-8,oppo-reno3-xanh-duong-9,oppo-reno3-xanh-duong-10,oppo-reno3-xanh-duong-11,oppo-reno3-xanh-duong-12,oppo-reno3-xanh-duong-13"
11,Đen,oppo-reno3-den-200x200-1-180x125.png,213591,"oppo-reno3-den-1,oppo-reno3-den-2,oppo-reno3-den-3,oppo-reno3-den-4,oppo-reno3-den-5,oppo-reno3-den-6,oppo-reno3-den-7,oppo-reno3-den-8,oppo-reno3-den-9,oppo-reno3-den-10,oppo-reno3-den-11,oppo-reno3-den-12,oppo-reno3-den-13"
4,Xanh dương,xiaomi-redmi-note-8-pro-6gb-128gb-xanh-duong-180x125.png,214418,"xiaomi-redmi-note-8-pro-6gb-128gb-1-1,xiaomi-redmi-note-8-pro-6gb-128gb-2-1,xiaomi-redmi-note-8-pro-6gb-128gb-3-1,xiaomi-redmi-note-8-pro-6gb-128gb-4-1,xiaomi-redmi-note-8-pro-6gb-128gb-5-1,xiaomi-redmi-note-8-pro-6gb-128gb-6-1,xiaomi-redmi-note-8-pro-6gb-128gb-7-1,xiaomi-redmi-note-8-pro-6gb-128gb-8-1,xiaomi-redmi-note-8-pro-6gb-128gb-9-1,xiaomi-redmi-note-8-pro-6gb-128gb-10-1,xiaomi-redmi-note-8-pro-6gb-128gb-11-1,xiaomi-redmi-note-8-pro-6gb-128gb-12-1"
6,Xám,xiaomi-redmi-note-8-pro-6gb-128gb-black-200-180x125.png,214418,"xiaomi-redmi-note-8-pro-6gb-128gb-xam-1,xiaomi-redmi-note-8-pro-6gb-128gb-xam-2,xiaomi-redmi-note-8-pro-6gb-128gb-xam-3,xiaomi-redmi-note-8-pro-6gb-128gb-xam-4,xiaomi-redmi-note-8-pro-6gb-128gb-xam-5,xiaomi-redmi-note-8-pro-6gb-128gb-xam-6,xiaomi-redmi-note-8-pro-6gb-128gb-xam-7,xiaomi-redmi-note-8-pro-6gb-128gb-xam-8,xiaomi-redmi-note-8-pro-6gb-128gb-xam-9,xiaomi-redmi-note-8-pro-6gb-128gb-xam-10,xiaomi-redmi-note-8-pro-6gb-128gb-xam-11,xiaomi-redmi-note-8-pro-6gb-128gb-xam-12"
7,Xanh lá,xiaomi-redmi-note-8-pro-6gb-128gb-green-200-180x125.png,214418,"xiaomi-redmi-note-8-pro-6gb-128gb-xanh-la-1,xiaomi-redmi-note-8-pro-6gb-128gb-xanh-la-2,xiaomi-redmi-note-8-pro-6gb-128gb-xanh-la-3,xiaomi-redmi-note-8-pro-6gb-128gb-xanh-la-4,xiaomi-redmi-note-8-pro-6gb-128gb-xanh-la-5,xiaomi-redmi-note-8-pro-6gb-128gb-xanh-la-6,xiaomi-redmi-note-8-pro-6gb-128gb-xanh-la-7,xiaomi-redmi-note-8-pro-6gb-128gb-xanh-la-8,xiaomi-redmi-note-8-pro-6gb-128gb-xanh-la-9,xiaomi-redmi-note-8-pro-6gb-128gb-xanh-la-10,xiaomi-redmi-note-8-pro-6gb-128gb-xanh-la-11,xiaomi-redmi-note-8-pro-6gb-128gb-xanh-la-12"
12,Trắng,xiaomi-redmi-note-8-pro-6gb-128gb-white-200-180x125.png,214418,"xiaomi-redmi-note-8-pro-6gb-128gb-trang-1,xiaomi-redmi-note-8-pro-6gb-128gb-trang-2,xiaomi-redmi-note-8-pro-6gb-128gb-trang-3,xiaomi-redmi-note-8-pro-6gb-128gb-trang-4,xiaomi-redmi-note-8-pro-6gb-128gb-trang-5,xiaomi-redmi-note-8-pro-6gb-128gb-trang-6,xiaomi-redmi-note-8-pro-6gb-128gb-trang-7,xiaomi-redmi-note-8-pro-6gb-128gb-trang-8,xiaomi-redmi-note-8-pro-6gb-128gb-trang-9,xiaomi-redmi-note-8-pro-6gb-128gb-trang-10,xiaomi-redmi-note-8-pro-6gb-128gb-trang-11"
5,Bạc,samsung-galaxy-note-10-lite-white-200x200-180x125.png,214909,"samsung-galaxy-note-10-lite-bac-1,samsung-galaxy-note-10-lite-bac-2,samsung-galaxy-note-10-lite-bac-3,samsung-galaxy-note-10-lite-bac-4,samsung-galaxy-note-10-lite-bac-5,samsung-galaxy-note-10-lite-bac-6,samsung-galaxy-note-10-lite-bac-7,samsung-galaxy-note-10-lite-bac-8,samsung-galaxy-note-10-lite-bac-9,samsung-galaxy-note-10-lite-bac-10,samsung-galaxy-note-10-lite-bac-11,samsung-galaxy-note-10-lite-bac-12,samsung-galaxy-note-10-lite-bac-13,samsung-galaxy-note-10-lite-bac-14,samsung-galaxy-note-10-lite-bac-15"
11,Đen,samsung-galaxy-note-10-lite-black-200x200-1-180x125.png,214909,"samsung-galaxy-note-10-lite-den-1,samsung-galaxy-note-10-lite-den-2,samsung-galaxy-note-10-lite-den-3,samsung-galaxy-note-10-lite-den-4,samsung-galaxy-note-10-lite-den-5,samsung-galaxy-note-10-lite-den-6,samsung-galaxy-note-10-lite-den-7,samsung-galaxy-note-10-lite-den-8,samsung-galaxy-note-10-lite-den-9,samsung-galaxy-note-10-lite-den-10,samsung-galaxy-note-10-lite-den-11,samsung-galaxy-note-10-lite-den-12,samsung-galaxy-note-10-lite-den-13,samsung-galaxy-note-10-lite-den-14,samsung-galaxy-note-10-lite-den-15"
11,Đen,oppo-reno3-pro-den-200x200-180x125.png,216172,"oppo-reno3-pro-den-4,oppo-reno3-pro-den-6,oppo-reno3-pro-den-7,oppo-reno3-pro-den-11,oppo-reno3-pro-den-12,oppo-reno3-pro-den-13"
12,Trắng,oppo-reno3-pro-trang-200x200-180x125.png,216172,"oppo-reno3-pro-trang-1,oppo-reno3-pro-trang-2,oppo-reno3-pro-trang-3,oppo-reno3-pro-trang-4,oppo-reno3-pro-trang-5,oppo-reno3-pro-trang-6,oppo-reno3-pro-trang-7,oppo-reno3-pro-trang-8,oppo-reno3-pro-trang-9,oppo-reno3-pro-trang-10,oppo-reno3-pro-trang-11,oppo-reno3-pro-trang-12,oppo-reno3-pro-trang-13"
6,Xám,xiaomi-redmi-9-xam-200-180x125.png,217308,"xiaomi-redmi-9-xam-1,xiaomi-redmi-9-xam-2,xiaomi-redmi-9-xam-3,xiaomi-redmi-9-xam-4,xiaomi-redmi-9-xam-5,xiaomi-redmi-9-xam-6,xiaomi-redmi-9-xam-7,xiaomi-redmi-9-xam-8,xiaomi-redmi-9-xam-9,xiaomi-redmi-9-xam-10,xiaomi-redmi-9-xam-11,xiaomi-redmi-9-xam-12"
7,Xanh lá,xiaomi-redmi-9-xanh-200-180x125.png,217308,"xiaomi-redmi-9-xanh-la-1,xiaomi-redmi-9-xanh-la-2,xiaomi-redmi-9-xanh-la-3,xiaomi-redmi-9-xanh-la-4,xiaomi-redmi-9-xanh-la-5,xiaomi-redmi-9-xanh-la-6,xiaomi-redmi-9-xanh-la-7,xiaomi-redmi-9-xanh-la-8,xiaomi-redmi-9-xanh-la-9,xiaomi-redmi-9-xanh-la-10,xiaomi-redmi-9-xanh-la-11,xiaomi-redmi-9-xanh-la-12"
9,Tím,xiaomi-redmi-9-200-180x125.png,217308,"xiaomi-redmi-9-tim-1,xiaomi-redmi-9-tim-2,xiaomi-redmi-9-tim-3,xiaomi-redmi-9-tim-4,xiaomi-redmi-9-tim-5,xiaomi-redmi-9-tim-6,xiaomi-redmi-9-tim-7,xiaomi-redmi-9-tim-8,xiaomi-redmi-9-tim-9,xiaomi-redmi-9-tim-10,xiaomi-redmi-9-tim-11,xiaomi-redmi-9-tim-12"
4,Xanh dương,vsmart-active-200x200-180x125.png,217438,"vsmart-active-3-6gb-xanh-1,vsmart-active-3-6gb-xanh-2,vsmart-active-3-6gb-xanh-3,vsmart-active-3-6gb-xanh-4,vsmart-active-3-6gb-xanh-5,vsmart-active-3-6gb-xanh-6,vsmart-active-3-6gb-xanh-7,vsmart-active-3-6gb-xanh-8,vsmart-active-3-6gb-xanh-9,vsmart-active-3-6gb-xanh-10,vsmart-active-3-6gb-xanh-11,vsmart-active-3-6gb-xanh-12,vsmart-active-3-6gb-xanh-13,vsmart-active-3-6gb-xanh-14,vsmart-active-3-6gb-xanh-15"
7,Xanh lá,vsmart-active-3-6gb-emerald-green-thumb-mau-180x125.png,217438,"vsmart-active-3-6gb-xanh-la-1,vsmart-active-3-6gb-xanh-la-2,vsmart-active-3-6gb-xanh-la-3,vsmart-active-3-6gb-xanh-la-4,vsmart-active-3-6gb-xanh-la-5,vsmart-active-3-6gb-xanh-la-6,vsmart-active-3-6gb-xanh-la-7,vsmart-active-3-6gb-xanh-la-8,vsmart-active-3-6gb-xanh-la-9,vsmart-active-3-6gb-xanh-la-10,vsmart-active-3-6gb-xanh-la-11,vsmart-active-3-6gb-xanh-la-12,vsmart-active-3-6gb-xanh-la-13,vsmart-active-3-6gb-xanh-la-14,vsmart-active-3-6gb-xanh-la-15"
9,Tím,vsmart-active-3-tim-thumb-mau-180x125.png,217438,"vsmart-active-3-6gb-tim-1,vsmart-active-3-6gb-tim-2,vsmart-active-3-6gb-tim-3,vsmart-active-3-6gb-tim-4,vsmart-active-3-6gb-tim-5,vsmart-active-3-6gb-tim-6,vsmart-active-3-6gb-tim-7,vsmart-active-3-6gb-tim-8,vsmart-active-3-6gb-tim-9,vsmart-active-3-6gb-tim-10,vsmart-active-3-6gb-tim-11,vsmart-active-3-6gb-tim-12,vsmart-active-3-6gb-tim-13,vsmart-active-3-6gb-tim-14"
11,Đen,vsmart-active-3-black-thumb-mau-180x125.png,217438,"vsmart-active-3-6gb-den-1,vsmart-active-3-6gb-den-2,vsmart-active-3-6gb-den-3,vsmart-active-3-6gb-den-4,vsmart-active-3-6gb-den-5,vsmart-active-3-6gb-den-6,vsmart-active-3-6gb-den-7,vsmart-active-3-6gb-den-8,vsmart-active-3-6gb-den-9,vsmart-active-3-6gb-den-10,vsmart-active-3-6gb-den-11,vsmart-active-3-6gb-den-12,vsmart-active-3-6gb-den-13,vsmart-active-3-6gb-den-14"
4,Xanh dương,oppo-a31-2020-xanh-200x200-180x125.png,217856,"oppo-a31-4gb-128gb-1-1,oppo-a31-4gb-128gb-2-1,oppo-a31-4gb-128gb-3-1,oppo-a31-4gb-128gb-4-1,oppo-a31-4gb-128gb-5-1,oppo-a31-4gb-128gb-6-1,oppo-a31-4gb-128gb-7-1,oppo-a31-4gb-128gb-8,oppo-a31-4gb-128gb-9,oppo-a31-4gb-128gb-10,oppo-a31-4gb-128gb-11-1,oppo-a31-4gb-128gb-12-1,oppo-a31-4gb-128gb-13"
11,Đen,oppo-a31-2020-den-200x200-1-180x125.png,217856,"oppo-a31-2020-den-1,oppo-a31-2020-den-2,oppo-a31-2020-den-3,oppo-a31-2020-den-4,oppo-a31-2020-den-5,oppo-a31-2020-den-6,oppo-a31-2020-den-7,oppo-a31-2020-den-8,oppo-a31-2020-den-9,oppo-a31-2020-den-10,oppo-a31-2020-den-11,oppo-a31-2020-den-12,oppo-a31-2020-den-13"
12,Trắng,oppo-a31-2020-trang-200x200-1-180x125.png,217856,"oppo-a31-2020-trang-1,oppo-a31-2020-trang-2,oppo-a31-2020-trang-3,oppo-a31-2020-trang-4,oppo-a31-2020-trang-5,oppo-a31-2020-trang-6,oppo-a31-2020-trang-7,oppo-a31-2020-trang-8,oppo-a31-2020-trang-9,oppo-a31-2020-trang-10,oppo-a31-2020-trang-11,oppo-a31-2020-trang-12,oppo-a31-2020-trang-13"
6,Xám,samsung-galaxy-s20-200x200-xampng-180x125.png,217935,"samsung-galaxy-s20-xam-1,samsung-galaxy-s20-xam-2,samsung-galaxy-s20-xam-3,samsung-galaxy-s20-xam-4,samsung-galaxy-s20-xam-5,samsung-galaxy-s20-xam-6,samsung-galaxy-s20-xam-7,samsung-galaxy-s20-xam-8,samsung-galaxy-s20-xam-9,samsung-galaxy-s20-xam-10,samsung-galaxy-s20-xam-11,samsung-galaxy-s20-xam-12"
17,Hồng,samsung-galaxy-s20-200x200-hong-180x125.png,217935,"samsung-galaxy-s20-hong-1,samsung-galaxy-s20-hong-2,samsung-galaxy-s20-hong-3,samsung-galaxy-s20-hong-4,samsung-galaxy-s20-hong-5,samsung-galaxy-s20-hong-6,samsung-galaxy-s20-hong-7,samsung-galaxy-s20-hong-8,samsung-galaxy-s20-hong-9,samsung-galaxy-s20-hong-10,samsung-galaxy-s20-hong-11,samsung-galaxy-s20-hong-12"
4,Xanh dương,samsung-galaxy-s20-plus-200x200-xanh-180x125.png,217936,"samsung-galaxy-s20-plus-xanh-duong-1,samsung-galaxy-s20-plus-xanh-duong-2,samsung-galaxy-s20-plus-xanh-duong-3,samsung-galaxy-s20-plus-xanh-duong-4,samsung-galaxy-s20-plus-xanh-duong-5,samsung-galaxy-s20-plus-xanh-duong-6,samsung-galaxy-s20-plus-xanh-duong-7,samsung-galaxy-s20-plus-xanh-duong-8,samsung-galaxy-s20-plus-xanh-duong-9,samsung-galaxy-s20-plus-xanh-duong-10,samsung-galaxy-s20-plus-xanh-duong-11,samsung-galaxy-s20-plus-xanh-duong-12"
6,Xám,samsung-galaxy-s20-plus-200x200-xam-180x125.png,217936,"samsung-galaxy-s20-plus-xam-1,samsung-galaxy-s20-plus-xam-2,samsung-galaxy-s20-plus-xam-3,samsung-galaxy-s20-plus-xam-4,samsung-galaxy-s20-plus-xam-5,samsung-galaxy-s20-plus-xam-6,samsung-galaxy-s20-plus-xam-7,samsung-galaxy-s20-plus-xam-8,samsung-galaxy-s20-plus-xam-9,samsung-galaxy-s20-plus-xam-10,samsung-galaxy-s20-plus-xam-11,samsung-galaxy-s20-plus-xam-12"
11,Đen,samsung-galaxy-s20-plus-200x200-den-180x125.png,217936,"samsung-galaxy-s20-plus-den-1,samsung-galaxy-s20-plus-den-2,samsung-galaxy-s20-plus-den-3,samsung-galaxy-s20-plus-den-4,samsung-galaxy-s20-plus-den-5,samsung-galaxy-s20-plus-den-6,samsung-galaxy-s20-plus-den-7,samsung-galaxy-s20-plus-den-8,samsung-galaxy-s20-plus-den-9,samsung-galaxy-s20-plus-den-10,samsung-galaxy-s20-plus-den-11,samsung-galaxy-s20-plus-den-12"
6,Xám,gray-180x125.png,217937,"samsung-galaxy-s20-ultra-xam-1,samsung-galaxy-s20-ultra-xam-2,samsung-galaxy-s20-ultra-xam-3,samsung-galaxy-s20-ultra-xam-4,samsung-galaxy-s20-ultra-xam-5,samsung-galaxy-s20-ultra-xam-6,samsung-galaxy-s20-ultra-xam-7,samsung-galaxy-s20-ultra-xam-8,samsung-galaxy-s20-ultra-xam-9,samsung-galaxy-s20-ultra-xam-10,samsung-galaxy-s20-ultra-xam-11,samsung-galaxy-s20-ultra-xam-12"
11,Đen,black-180x125.png,217937,"samsung-galaxy-s20-ultra-den-1,samsung-galaxy-s20-ultra-den-2,samsung-galaxy-s20-ultra-den-3,samsung-galaxy-s20-ultra-den-4,samsung-galaxy-s20-ultra-den-5,samsung-galaxy-s20-ultra-den-6,samsung-galaxy-s20-ultra-den-7,samsung-galaxy-s20-ultra-den-8,samsung-galaxy-s20-ultra-den-9,samsung-galaxy-s20-ultra-den-10,samsung-galaxy-s20-ultra-den-11,samsung-galaxy-s20-ultra-den-12"
11,Đen,oppo-a31-2020-128gb-den-200x200-1-180x125.png,218662,"oppo-a31-2020-128gb-den-1,oppo-a31-2020-128gb-den-2,oppo-a31-2020-128gb-den-3,oppo-a31-2020-128gb-den-4,oppo-a31-2020-128gb-den-5,oppo-a31-2020-128gb-den-6,oppo-a31-2020-128gb-den-7,oppo-a31-2020-128gb-den-8,oppo-a31-2020-128gb-den-9,oppo-a31-2020-128gb-den-10,oppo-a31-2020-128gb-den-11,oppo-a31-2020-128gb-den-12,oppo-a31-2020-128gb-den-13"
12,Trắng,oppo-a31-2020-128gb-trang-200x200-1-180x125.png,218662,"oppo-a31-2020-128gb-den-1,oppo-a31-2020-128gb-den-2,oppo-a31-2020-128gb-den-3,oppo-a31-2020-128gb-den-4,oppo-a31-2020-128gb-den-5,oppo-a31-2020-128gb-den-6,oppo-a31-2020-128gb-den-7,oppo-a31-2020-128gb-den-8,oppo-a31-2020-128gb-den-9,oppo-a31-2020-128gb-den-10,oppo-a31-2020-128gb-den-11,oppo-a31-2020-128gb-den-12,oppo-a31-2020-128gb-den-13"
133,Xanh,samsung-galaxy-a21s-xanh-200x200-1-180x125.png,219314,"samsung-galaxy-a21s-xanh-duong-1,samsung-galaxy-a21s-xanh-duong-2,samsung-galaxy-a21s-xanh-duong-3,samsung-galaxy-a21s-xanh-duong-4,samsung-galaxy-a21s-xanh-duong-5,samsung-galaxy-a21s-xanh-duong-6,samsung-galaxy-a21s-xanh-duong-7,samsung-galaxy-a21s-xanh-duong-8,samsung-galaxy-a21s-xanh-duong-9,samsung-galaxy-a21s-xanh-duong-10,samsung-galaxy-a21s-xanh-duong-11,samsung-galaxy-a21s-xanh-duong-12"
11,Đen,samsung-galaxy-a21s-den-200x200-1-180x125.png,219314,"samsung-galaxy-a21s-den-1,samsung-galaxy-a21s-den-2,samsung-galaxy-a21s-den-3,samsung-galaxy-a21s-den-4,samsung-galaxy-a21s-den-5,samsung-galaxy-a21s-den-6,samsung-galaxy-a21s-den-7,samsung-galaxy-a21s-den-8,samsung-galaxy-a21s-den-9,samsung-galaxy-a21s-den-10,samsung-galaxy-a21s-den-11,samsung-galaxy-a21s-den-12"
11,Đen,200-note-20-ultra-1-180x125.png,220522,"samsung-galaxy-note-20-ultra-1,samsung-galaxy-note-20-ultra-2,samsung-galaxy-note-20-ultra-3,samsung-galaxy-note-20-ultra-4,samsung-galaxy-note-20-ultra-5,samsung-galaxy-note-20-ultra-6,samsung-galaxy-note-20-ultra-7,samsung-galaxy-note-20-ultra-8,samsung-galaxy-note-20-ultra-9,samsung-galaxy-note-20-ultra-10,samsung-galaxy-note-20-ultra-11,samsung-galaxy-note-20-ultra-12,samsung-galaxy-note-20-ultra-13,samsung-galaxy-note-20-ultra-14,samsung-galaxy-note-20-ultra-15"
12,Trắng,200-note-20-ultra-2-180x125.png,220522,"samsung-galaxy-note-20-ultra-trang-1-1,samsung-galaxy-note-20-ultra-trang-2-1,samsung-galaxy-note-20-ultra-trang-3-1,samsung-galaxy-note-20-ultra-trang-4-1,samsung-galaxy-note-20-ultra-trang-5-1,samsung-galaxy-note-20-ultra-trang-6-1,samsung-galaxy-note-20-ultra-trang-7-1,samsung-galaxy-note-20-ultra-trang-8-1,samsung-galaxy-note-20-ultra-trang-9-1,samsung-galaxy-note-20-ultra-trang-10-1,samsung-galaxy-note-20-ultra-trang-11-1,samsung-galaxy-note-20-ultra-trang-12-1,samsung-galaxy-note-20-ultra-trang-13-1,samsung-galaxy-note-20-ultra-trang-14-1,samsung-galaxy-note-20-ultra-trang-15-1"
4,Xanh dương,vsmart-star-4-blue-180x125.png,224949,"vsmart-star-4-xanh-duong-1,vsmart-star-4-xanh-duong-2,vsmart-star-4-xanh-duong-3,vsmart-star-4-xanh-duong-4,vsmart-star-4-xanh-duong-5,vsmart-star-4-xanh-duong-6,vsmart-star-4-xanh-duong-7,vsmart-star-4-xanh-duong-8,vsmart-star-4-xanh-duong-9,vsmart-star-4-xanh-duong-10,vsmart-star-4-xanh-duong-11,vsmart-star-4-xanh-duong-12,vsmart-star-4-xanh-duong-13"
16,Vàng đồng,200-note-20-ultra-180x125.png,220522,"samsung-galaxy-note-20-ultra-vang-dong-1,samsung-galaxy-note-20-ultra-vang-dong-2,samsung-galaxy-note-20-ultra-vang-dong-3,samsung-galaxy-note-20-ultra-vang-dong-4,samsung-galaxy-note-20-ultra-vang-dong-5,samsung-galaxy-note-20-ultra-vang-dong-6,samsung-galaxy-note-20-ultra-vang-dong-7,samsung-galaxy-note-20-ultra-vang-dong-8,samsung-galaxy-note-20-ultra-vang-dong-9,samsung-galaxy-note-20-ultra-vang-dong-10,samsung-galaxy-note-20-ultra-vang-dong-11,samsung-galaxy-note-20-ultra-vang-dong-12,samsung-galaxy-note-20-ultra-vang-dong-13,samsung-galaxy-note-20-ultra-vang-dong-14,samsung-galaxy-note-20-ultra-vang-dong-15"
6,Xám,xiaomi-redmi-note-9-pro-gray-200x200-180x125.png,221817,"xiaomi-redmi-note-9-pro-xam-1,xiaomi-redmi-note-9-pro-xam-2,xiaomi-redmi-note-9-pro-xam-3,xiaomi-redmi-note-9-pro-xam-4,xiaomi-redmi-note-9-pro-xam-5,xiaomi-redmi-note-9-pro-xam-6,xiaomi-redmi-note-9-pro-xam-7,xiaomi-redmi-note-9-pro-xam-8,xiaomi-redmi-note-9-pro-xam-9,xiaomi-redmi-note-9-pro-xam-10,xiaomi-redmi-note-9-pro-xam-11,xiaomi-redmi-note-9-pro-xam-12"
7,Xanh lá,xiaomi-redmi-note-9-pro-xanh-la-200x200-180x125.png,221817,"xiaomi-redmi-note-9-pro-xanh-la-1,xiaomi-redmi-note-9-pro-xanh-la-2,xiaomi-redmi-note-9-pro-xanh-la-3,xiaomi-redmi-note-9-pro-xanh-la-4,xiaomi-redmi-note-9-pro-xanh-la-5,xiaomi-redmi-note-9-pro-xanh-la-6,xiaomi-redmi-note-9-pro-xanh-la-7,xiaomi-redmi-note-9-pro-xanh-la-8,xiaomi-redmi-note-9-pro-xanh-la-9,xiaomi-redmi-note-9-pro-xanh-la-10,xiaomi-redmi-note-9-pro-xanh-la-11,xiaomi-redmi-note-9-pro-xanh-la-12"
12,Trắng,xiaomi-redmi-note-9-pro-white-200x200-180x125.png,221817,"xiaomi-redmi-note-9-pro-trang-1,xiaomi-redmi-note-9-pro-trang-2,xiaomi-redmi-note-9-pro-trang-3,xiaomi-redmi-note-9-pro-trang-4,xiaomi-redmi-note-9-pro-trang-5,xiaomi-redmi-note-9-pro-trang-6,xiaomi-redmi-note-9-pro-trang-7,xiaomi-redmi-note-9-pro-trang-8,xiaomi-redmi-note-9-pro-trang-9,xiaomi-redmi-note-9-pro-trang-10,xiaomi-redmi-note-9-pro-trang-11,xiaomi-redmi-note-9-pro-trang-12"
6,Xám,xiaomi-redmi-note-9-pro-gray-200x200-180x125.png,221820,"xiaomi-redmi-note-9-pro-xam-1,xiaomi-redmi-note-9-pro-xam-2,xiaomi-redmi-note-9-pro-xam-3,xiaomi-redmi-note-9-pro-xam-4,xiaomi-redmi-note-9-pro-xam-5,xiaomi-redmi-note-9-pro-xam-6,xiaomi-redmi-note-9-pro-xam-7,xiaomi-redmi-note-9-pro-xam-8,xiaomi-redmi-note-9-pro-xam-9,xiaomi-redmi-note-9-pro-xam-10,xiaomi-redmi-note-9-pro-xam-11,xiaomi-redmi-note-9-pro-xam-12"
7,Xanh lá,xiaomi-redmi-note-9-pro-xanh-la-200x200-180x125.png,221820,"xiaomi-redmi-note-9-pro-xanh-la-1,xiaomi-redmi-note-9-pro-xanh-la-2,xiaomi-redmi-note-9-pro-xanh-la-3,xiaomi-redmi-note-9-pro-xanh-la-4,xiaomi-redmi-note-9-pro-xanh-la-5,xiaomi-redmi-note-9-pro-xanh-la-6,xiaomi-redmi-note-9-pro-xanh-la-7,xiaomi-redmi-note-9-pro-xanh-la-8,xiaomi-redmi-note-9-pro-xanh-la-9,xiaomi-redmi-note-9-pro-xanh-la-10,xiaomi-redmi-note-9-pro-xanh-la-11,xiaomi-redmi-note-9-pro-xanh-la-12"
12,Trắng,xiaomi-redmi-note-9-pro-128gb-white-200x200-180x125.png,221820,"xiaomi-redmi-note-9-pro-trang-1,xiaomi-redmi-note-9-pro-trang-2,xiaomi-redmi-note-9-pro-trang-3,xiaomi-redmi-note-9-pro-trang-4,xiaomi-redmi-note-9-pro-trang-5,xiaomi-redmi-note-9-pro-trang-6,xiaomi-redmi-note-9-pro-trang-7,xiaomi-redmi-note-9-pro-trang-8,xiaomi-redmi-note-9-pro-trang-9,xiaomi-redmi-note-9-pro-trang-10,xiaomi-redmi-note-9-pro-trang-11,xiaomi-redmi-note-9-pro-trang-12"
4,Xanh dương,samsung-galaxy-a21s-xanh-200x200-1-180x125.png,222512,"samsung-galaxy-a21s-3gb-xanh-duong-1,samsung-galaxy-a21s-3gb-xanh-duong-2,samsung-galaxy-a21s-3gb-xanh-duong-3,samsung-galaxy-a21s-3gb-xanh-duong-4,samsung-galaxy-a21s-3gb-xanh-duong-5,samsung-galaxy-a21s-3gb-xanh-duong-6,samsung-galaxy-a21s-3gb-xanh-duong-7,samsung-galaxy-a21s-3gb-xanh-duong-8,samsung-galaxy-a21s-3gb-xanh-duong-9,samsung-galaxy-a21s-3gb-xanh-duong-10,samsung-galaxy-a21s-3gb-xanh-duong-11,samsung-galaxy-a21s-3gb-xanh-duong-12"
11,Đen,samsung-galaxy-a21s-den-200x200-1-180x125.png,222512,"samsung-galaxy-a21s-3gb-den-1-1,samsung-galaxy-a21s-3gb-den-2-1,samsung-galaxy-a21s-3gb-den-3-1,samsung-galaxy-a21s-3gb-den-4-1,samsung-galaxy-a21s-3gb-den-5-1,samsung-galaxy-a21s-3gb-den-6-1,samsung-galaxy-a21s-3gb-den-7-1,samsung-galaxy-a21s-3gb-den-8-1,samsung-galaxy-a21s-3gb-den-9-1,samsung-galaxy-a21s-3gb-den-10-1,samsung-galaxy-a21s-3gb-den-11-1,samsung-galaxy-a21s-3gb-den-12-1"
12,Trắng,samsung-galaxy-a21s-trang-200x200-1-180x125.png,222512,"samsung-galaxy-a21s-3gb-trang-1-1,samsung-galaxy-a21s-3gb-trang-2-1,samsung-galaxy-a21s-3gb-trang-3-1,samsung-galaxy-a21s-3gb-trang-4-1,samsung-galaxy-a21s-3gb-trang-5-1,samsung-galaxy-a21s-3gb-trang-6,samsung-galaxy-a21s-3gb-trang-7-1,samsung-galaxy-a21s-3gb-trang-8-1,samsung-galaxy-a21s-3gb-trang-9-1,samsung-galaxy-a21s-3gb-trang-10-1,samsung-galaxy-a21s-3gb-trang-11-1,samsung-galaxy-a21s-3gb-trang-12"
4,Xanh dương,reno4-blue-200x200-180x125.png,222596,"oppo-reno4-xanh-duong-1,oppo-reno4-xanh-duong-2,oppo-reno4-xanh-duong-3,oppo-reno4-xanh-duong-4,oppo-reno4-xanh-duong-5,oppo-reno4-xanh-duong-6,oppo-reno4-xanh-duong-7,oppo-reno4-xanh-duong-8,oppo-reno4-xanh-duong-9,oppo-reno4-xanh-duong-10,oppo-reno4-xanh-duong-11,oppo-reno4-xanh-duong-12,oppo-reno4-xanh-duong-13"
9,Tím,oppo-reno-4-tim-200x200-180x125.png,222596,"oppo-reno4-tim2,oppo-reno4-tim13,oppo-reno4-tim3,oppo-reno4-tim4,oppo-reno4-tim10,oppo-reno4-tim11,oppo-reno4-tim1,oppo-reno4-tim12,oppo-reno4-tim8,oppo-reno4-tim9,oppo-reno4-tim5,oppo-reno4-tim6,oppo-reno4-tim7"
11,Đen,reno4-black-200x200-180x125.png,222596,"oppo-reno4-den-1,oppo-reno4-den-2,oppo-reno4-den-3,oppo-reno4-den-4,oppo-reno4-den-5,oppo-reno4-den-6,oppo-reno4-den-7,oppo-reno4-den-8,oppo-reno4-den-9,oppo-reno4-den-10,oppo-reno4-den-11,oppo-reno4-den-12,oppo-reno4-den-13"
6,Xám,xiaomi-redmi-9-4gb-xam-200-1-180x125.png,224290,"xiaomi-redmi-9-xam-1,xiaomi-redmi-9-xam-2,xiaomi-redmi-9-xam-3,xiaomi-redmi-9-xam-4,xiaomi-redmi-9-xam-5,xiaomi-redmi-9-xam-6,xiaomi-redmi-9-xam-7,xiaomi-redmi-9-xam-8,xiaomi-redmi-9-xam-9,xiaomi-redmi-9-xam-10,xiaomi-redmi-9-xam-11,xiaomi-redmi-9-xam-12"
7,Xanh lá,xiaomi-redmi-9-4gb-xanh-200-1-180x125.png,224290,"xiaomi-redmi-9-xanh-la-1,xiaomi-redmi-9-xanh-la-2,xiaomi-redmi-9-xanh-la-3,xiaomi-redmi-9-xanh-la-4,xiaomi-redmi-9-xanh-la-5,xiaomi-redmi-9-xanh-la-6,xiaomi-redmi-9-xanh-la-7,xiaomi-redmi-9-xanh-la-8,xiaomi-redmi-9-xanh-la-9,xiaomi-redmi-9-xanh-la-10,xiaomi-redmi-9-xanh-la-11,xiaomi-redmi-9-xanh-la-12"
9,Tím,xiaomi-redmi-9-4gb-200-1-180x125.png,224290,"xiaomi-redmi-9-tim-1,xiaomi-redmi-9-tim-2,xiaomi-redmi-9-tim-3,xiaomi-redmi-9-tim-4,xiaomi-redmi-9-tim-5,xiaomi-redmi-9-tim-6,xiaomi-redmi-9-tim-7,xiaomi-redmi-9-tim-8,xiaomi-redmi-9-tim-9,xiaomi-redmi-9-tim-10,xiaomi-redmi-9-tim-11,xiaomi-redmi-9-tim-12"
7,Xanh lá,vsmart-star-4-green-200x200-180x125.png,224949,"vsmart-star-4-xanh-la-1,vsmart-star-4-xanh-la-2,vsmart-star-4-xanh-la-3,vsmart-star-4-xanh-la-4,vsmart-star-4-xanh-la-5,vsmart-star-4-xanh-la-6,vsmart-star-4-xanh-la-7,vsmart-star-4-xanh-la-8,vsmart-star-4-xanh-la-9,vsmart-star-4-xanh-la-10,vsmart-star-4-xanh-la-11,vsmart-star-4-xanh-la-12,vsmart-star-4-xanh-la-13"
11,Đen,vsmart-star-4-den-200x200-3-180x125.png,224949,"vsmart-star-4-den-1,vsmart-star-4-den-2,vsmart-star-4-den-3,vsmart-star-4-den-4,vsmart-star-4-den-5,vsmart-star-4-den-6,vsmart-star-4-den-7,vsmart-star-4-den-8,vsmart-star-4-den-9,vsmart-star-4-den-10,vsmart-star-4-den-11,vsmart-star-4-den-12,vsmart-star-4-den-13"
16,Vàng đồng,200-note-20-ultra-5g-180x125.png,225063,"samsung-galaxy-note-20-ultra-5g-vang-dong-1-2,samsung-galaxy-note-20-ultra-5g-vang-dong-2-2,samsung-galaxy-note-20-ultra-5g-vang-dong-3-2,samsung-galaxy-note-20-ultra-5g-vang-dong-4-2,samsung-galaxy-note-20-ultra-5g-vang-dong-5-2,samsung-galaxy-note-20-ultra-5g-vang-dong-6-2,samsung-galaxy-note-20-ultra-5g-vang-dong-7-2,samsung-galaxy-note-20-ultra-5g-vang-dong-8-2,samsung-galaxy-note-20-ultra-5g-vang-dong-9-2,samsung-galaxy-note-20-ultra-5g-vang-dong-10-2,samsung-galaxy-note-20-ultra-5g-vang-dong-11-2,samsung-galaxy-note-20-ultra-5g-vang-dong-12-2,samsung-galaxy-note-20-ultra-5g-vang-dong-13-2,samsung-galaxy-note-20-ultra-5g-vang-dong-14-2,samsung-galaxy-note-20-ultra-5g-vang-dong-15-2"
4,Xanh dương,vsmart-star-4-blue-180x125.png,225158,"vsmart-star-4-3gb-xanh-duong-1,vsmart-star-4-3gb-xanh-duong-2,vsmart-star-4-3gb-xanh-duong-3,vsmart-star-4-3gb-xanh-duong-4,vsmart-star-4-3gb-xanh-duong-5,vsmart-star-4-3gb-xanh-duong-6,vsmart-star-4-3gb-xanh-duong-7,vsmart-star-4-3gb-xanh-duong-8,vsmart-star-4-3gb-xanh-duong-9,vsmart-star-4-3gb-xanh-duong-10,vsmart-star-4-3gb-xanh-duong-11,vsmart-star-4-3gb-xanh-duong-12,vsmart-star-4-3gb-xanh-duong-13"
7,Xanh lá,vsmart-star-4-green-200x200-180x125.png,225158,"vsmart-star-4-3gb-xanh-la-1,vsmart-star-4-3gb-xanh-la-2,vsmart-star-4-3gb-xanh-la-3,vsmart-star-4-3gb-xanh-la-4,vsmart-star-4-3gb-xanh-la-5,vsmart-star-4-3gb-xanh-la-6,vsmart-star-4-3gb-xanh-la-7,vsmart-star-4-3gb-xanh-la-8,vsmart-star-4-3gb-xanh-la-9,vsmart-star-4-3gb-xanh-la-10,vsmart-star-4-3gb-xanh-la-11,vsmart-star-4-3gb-xanh-la-12,vsmart-star-4-3gb-xanh-la-13"
11,Đen,vsmart-star-4-den-200x200-3-180x125.png,225158,"vsmart-star-4-den-1-1,vsmart-star-4-den-2,vsmart-star-4-den-3,vsmart-star-4-den-4,vsmart-star-4-den-5,vsmart-star-4-den-6,vsmart-star-4-den-7,vsmart-star-4-den-8,vsmart-star-4-den-9,vsmart-star-4-den-10,vsmart-star-4-den-11,vsmart-star-4-den-12,vsmart-star-4-den-13"
6,Xám,iphone-8-plus-h-0-180x125.png,225734,"iphone-8-plus-xam-1,iphone-8-plus-xam-2,iphone-8-plus-xam-3,iphone-8-plus-xam-4,iphone-8-plus-xam-5,iphone-8-plus-xam-6,iphone-8-plus-xam-7,iphone-8-plus-xam-8,iphone-8-plus-xam-9,iphone-8-plus-xam-10,iphone-8-plus-xam-11,iphone-8-plus-xam-12"
15,Vàng,iphone-8-plus-h14-180x125.png,225734,"iphone-8-plus-vang-dong-1,iphone-8-plus-vang-dong-2,iphone-8-plus-vang-dong-3,iphone-8-plus-vang-dong-4,iphone-8-plus-vang-dong-5,iphone-8-plus-vang-dong-6,iphone-8-plus-vang-dong-7,iphone-8-plus-vang-dong-8,iphone-8-plus-vang-dong-9,iphone-8-plus-vang-dong-10,iphone-8-plus-vang-dong-11,iphone-8-plus-vang-dong-12"
